<profile version="1.0">
  <option name="myName" value="Default" />
  <inspection_tool class="DuplicatedCode" enabled="true" level="WEAK WARNING" enabled_by_default="true">
    <Languages>
      <language minSize="1749" name="Python" />
    </Languages>
  </inspection_tool>
  <inspection_tool class="HttpUrlsUsage" enabled="true" level="WEAK WARNING" enabled_by_default="true">
    <option name="ignoredUrls">
      <list>
        <option value="http://localhost" />
        <option value="http://127.0.0.1" />
        <option value="http://0.0.0.0" />
        <option value="http://www.w3.org/" />
        <option value="http://json-schema.org/draft" />
        <option value="http://java.sun.com/" />
        <option value="http://xmlns.jcp.org/" />
        <option value="http://javafx.com/javafx/" />
        <option value="http://javafx.com/fxml" />
        <option value="http://maven.apache.org/xsd/" />
        <option value="http://maven.apache.org/POM/" />
        <option value="http://www.springframework.org/schema/" />
        <option value="http://www.springframework.org/tags" />
        <option value="http://www.springframework.org/security/tags" />
        <option value="http://www.thymeleaf.org" />
        <option value="http://www.jboss.org/j2ee/schema/" />
        <option value="http://www.jboss.com/xml/ns/" />
        <option value="http://www.ibm.com/webservices/xsd" />
        <option value="http://activemq.apache.org/schema/" />
        <option value="http://schema.cloudfoundry.org/spring/" />
        <option value="http://schemas.xmlsoap.org/" />
        <option value="http://cxf.apache.org/schemas/" />
        <option value="http://primefaces.org/ui" />
        <option value="http://tiles.apache.org/" />
        <option value="http://sumo.dlr.de" />
      </list>
    </option>
  </inspection_tool>
  <inspection_tool class="PyCompatibilityInspection" enabled="true" level="WARNING" enabled_by_default="true">
    <option name="ourVersions">
      <value>
        <list size="2">
          <item index="0" class="java.lang.String" itemvalue="2.7" />
          <item index="1" class="java.lang.String" itemvalue="3.11" />
        </list>
      </value>
    </option>
  </inspection_tool>
  <inspection_tool class="PyPep8Inspection" enabled="true" level="WEAK WARNING" enabled_by_default="true">
    <option name="ignoredErrors">
      <list>
        <option value="E303" />
        <option value="E501" />
        <option value="E302" />
        <option value="E114" />
        <option value="E305" />
      </list>
    </option>
  </inspection_tool>
  <inspection_tool class="PyPep8NamingInspection" enabled="true" level="WEAK WARNING" enabled_by_default="true">
    <option name="ignoredErrors">
      <list>
        <option value="N802" />
        <option value="N806" />
        <option value="N803" />
        <option value="N814" />
      </list>
    </option>
  </inspection_tool>
  <inspection_tool class="PyUnresolvedReferencesInspection" enabled="true" level="WARNING" enabled_by_default="true">
    <option name="ignoredIdentifiers">
      <list>
        <option value="cv2.imread" />
        <option value="cv2.VideoCapture" />
        <option value="cv2.imshow" />
        <option value="cv2.waitKey" />
        <option value="cv2.FONT_HERSHEY_PLAIN" />
        <option value="cv2.putText" />
        <option value="cv2.destroyAllWindows" />
        <option value="cv2.rectangle" />
      </list>
    </option>
  </inspection_tool>
  <inspection_tool class="SpellCheckingInspection" enabled="false" level="TYPO" enabled_by_default="false">
    <option name="processCode" value="true" />
    <option name="processLiterals" value="true" />
    <option name="processComments" value="true" />
  </inspection_tool>
</profile>