<keymap version="1" name="Windows copy" parent="$default">
  <action id="CommentByLineComment">
    <keyboard-shortcut first-keystroke="ctrl slash" />
    <keyboard-shortcut first-keystroke="ctrl divide" />
    <keyboard-shortcut first-keystroke="ctrl #10000e0" />
  </action>
  <action id="Terminal.OpenInTerminal">
    <keyboard-shortcut first-keystroke="ctrl less" />
  </action>
  <action id="osmedile.intellij.stringmanip.RepeatAction">
    <keyboard-shortcut first-keystroke="alt s" />
  </action>
</keymap>